rank,title,authors,categories,description,published_year,average_rating,ratings_count,edition_count,isbn_10,isbn_13,source,source_id,canonical_url,thumbnail,popularity_score
1,Alice's Adventures in Wonderland,Lewis Carroll,fantasy,,1865,,,3546,,,openlibrary,OL138052W,https://openlibrary.org/works/OL138052W,https://covers.openlibrary.org/b/id/10527843-M.jpg,354.6
2,Wuthering Heights,Emily Brontë,romance,,1846,,,2850,,,openlibrary,OL21177W,https://openlibrary.org/works/OL21177W,https://covers.openlibrary.org/b/id/12818862-M.jpg,285.0
3,Emma,Jane Austen,romance,,1815,,,2261,,,openlibrary,OL66513W,https://openlibrary.org/works/OL66513W,https://covers.openlibrary.org/b/id/9278312-M.jpg,226.10000000000002
4,The Wonderful Wizard of Oz,L. Frank Baum,fantasy,,1899,,,2052,,,openlibrary,OL18417W,https://openlibrary.org/works/OL18417W,https://covers.openlibrary.org/b/id/552443-M.jpg,205.20000000000002
5,Sense and Sensibility,Jane Austen,romance,,1811,,,2015,,,openlibrary,OL66562W,https://openlibrary.org/works/OL66562W,https://covers.openlibrary.org/b/id/9278292-M.jpg,201.5
6,Treasure Island,Robert Louis Stevenson,"thriller, fantasy",,1880,,,1984,,,openlibrary,OL24034W,https://openlibrary.org/works/OL24034W,https://covers.openlibrary.org/b/id/13859660-M.jpg,198.4
7,Little Women,Louisa May Alcott,romance,,1848,,,1887,,,openlibrary,OL29983W,https://openlibrary.org/works/OL29983W,https://covers.openlibrary.org/b/id/8775559-M.jpg,188.70000000000002
8,Gulliver's Travels,Jonathan Swift,fantasy,,1726,,,1809,,,openlibrary,OL20600W,https://openlibrary.org/works/OL20600W,https://covers.openlibrary.org/b/id/12717083-M.jpg,180.9
9,The Prince,Niccolò Machiavelli,fantasy,,1515,,,1406,,,openlibrary,OL1089297W,https://openlibrary.org/works/OL1089297W,https://covers.openlibrary.org/b/id/12726168-M.jpg,140.6
10,Through the Looking-Glass,"Lewis Carroll, Lewis Carroll, Lewis Lewis Carroll",fantasy,,1865,,,1378,,,openlibrary,OL151406W,https://openlibrary.org/works/OL151406W,https://covers.openlibrary.org/b/id/11272464-M.jpg,137.8
11,The Wind in the Willows,Kenneth Grahame,fantasy,,1908,,,1346,,,openlibrary,OL28570037W,https://openlibrary.org/works/OL28570037W,https://covers.openlibrary.org/b/id/13335427-M.jpg,134.6
12,Анна Каренина,Лев Толстой,romance,,1876,,,1314,,,openlibrary,OL267096W,https://openlibrary.org/works/OL267096W,https://covers.openlibrary.org/b/id/2560652-M.jpg,131.4
13,Jane Eyre,Charlotte Brontë,romance,,1847,,,1169,,,openlibrary,OL1095427W,https://openlibrary.org/works/OL1095427W,https://covers.openlibrary.org/b/id/8235363-M.jpg,116.9
14,The Mysterious Affair at Styles,"Agatha Christie, Aric Cushing, Bookstar",thriller,,1920,,,1017,,,openlibrary,OL472715W,https://openlibrary.org/works/OL472715W,https://covers.openlibrary.org/b/id/13699667-M.jpg,101.7
15,Northanger Abbey,Jane Austen,romance,,1818,,,1011,,,openlibrary,OL66534W,https://openlibrary.org/works/OL66534W,https://covers.openlibrary.org/b/id/12567961-M.jpg,101.10000000000001
16,Ethan Frome,Edith Wharton,romance,,1910,,,1000,,,openlibrary,OL98501W,https://openlibrary.org/works/OL98501W,https://covers.openlibrary.org/b/id/8303480-M.jpg,100.0
17,Five Children and It,Edith Nesbit,fantasy,,1905,,,950,,,openlibrary,OL99499W,https://openlibrary.org/works/OL99499W,https://covers.openlibrary.org/b/id/28174-M.jpg,95.0
18,A Midsummer Night's Dream,William Shakespeare,fantasy,,1600,,,947,,,openlibrary,OL259010W,https://openlibrary.org/works/OL259010W,https://covers.openlibrary.org/b/id/7205924-M.jpg,94.7
19,The Lost World,Arthur Conan Doyle,fantasy,,1900,,,747,,,openlibrary,OL262460W,https://openlibrary.org/works/OL262460W,https://covers.openlibrary.org/b/id/8231444-M.jpg,74.7
20,El Conde de Montecristo,Alexandre Dumas,romance,,1830,,,732,,,openlibrary,OL36287W,https://openlibrary.org/works/OL36287W,https://covers.openlibrary.org/b/id/14566393-M.jpg,73.2
21,Dracula,Bram Stoker,thriller,,1897,,,732,,,openlibrary,OL85892W,https://openlibrary.org/works/OL85892W,https://covers.openlibrary.org/b/id/12216503-M.jpg,73.2
22,The Marvelous Land of Oz,L. Frank Baum,fantasy,,1904,,,724,,,openlibrary,OL18396W,https://openlibrary.org/works/OL18396W,https://covers.openlibrary.org/b/id/12648656-M.jpg,72.4
23,The Thirty-Nine Steps,John Buchan,thriller,,1915,,,715,,,openlibrary,OL76524W,https://openlibrary.org/works/OL76524W,https://covers.openlibrary.org/b/id/93020-M.jpg,71.5
24,Ozma of Oz,L. Frank Baum,fantasy,,1907,,,701,,,openlibrary,OL18415W,https://openlibrary.org/works/OL18415W,https://covers.openlibrary.org/b/id/12648657-M.jpg,70.10000000000001
25,Uncle Tom's Cabin,Harriet Beecher Stowe,romance,,1850,,,662,,,openlibrary,OL152161W,https://openlibrary.org/works/OL152161W,https://covers.openlibrary.org/b/id/12728198-M.jpg,66.2
26,The Jewel of Seven Stars,Bram Stoker,thriller,,1902,,,653,,,openlibrary,OL85891W,https://openlibrary.org/works/OL85891W,https://covers.openlibrary.org/b/id/2760301-M.jpg,65.3
27,The Red Badge of Courage,Stephen Crane,thriller,,1855,,,639,,,openlibrary,OL20844W,https://openlibrary.org/works/OL20844W,https://covers.openlibrary.org/b/id/8236915-M.jpg,63.900000000000006
28,The Moonstone,Wilkie Collins,romance,,1868,,,637,,,openlibrary,OL176092W,https://openlibrary.org/works/OL176092W,https://covers.openlibrary.org/b/id/8237041-M.jpg,63.7
29,The Emerald City of Oz,L. Frank Baum,fantasy,,1910,,,634,,,openlibrary,OL18409W,https://openlibrary.org/works/OL18409W,https://covers.openlibrary.org/b/id/1473556-M.jpg,63.400000000000006
30,The Prisoner of Zenda,"Anthony Hope, Gary Hoppenstand, Diane Mowat, Alan Marks, Francesc Ràfols, Andrew Pugsley, Summer M. Hogan, Summer Hogan, Smidgen Press, Charles Dana Gibson, Daniel Lanza Barba, Javier Fornell Fernandez, Stephen Colbourn, Katy Jackson, James Wilby, Robinson, M.",thriller,,1800,,,625,,,openlibrary,OL245401W,https://openlibrary.org/works/OL245401W,https://covers.openlibrary.org/b/id/105814-M.jpg,62.5
31,Dorothy and the Wizard in Oz,L. Frank Baum,fantasy,,1908,,,622,,,openlibrary,OL18412W,https://openlibrary.org/works/OL18412W,https://covers.openlibrary.org/b/id/12648659-M.jpg,62.2
32,The Lost Princess of Oz,L. Frank Baum,fantasy,,1917,,,591,,,openlibrary,OL18411W,https://openlibrary.org/works/OL18411W,https://covers.openlibrary.org/b/id/854819-M.jpg,59.1
33,The Story of the Amulet,Edith Nesbit,fantasy,,1905,,,578,,,openlibrary,OL407476W,https://openlibrary.org/works/OL407476W,https://covers.openlibrary.org/b/id/13241470-M.jpg,57.800000000000004
34,The Complete Life and Adventures of Santa Claus,L. Frank Baum,fantasy,,1902,,,560,,,openlibrary,OL262358W,https://openlibrary.org/works/OL262358W,https://covers.openlibrary.org/b/id/1979059-M.jpg,56.0
35,Women in Love,D. H. Lawrence,romance,,1877,,,553,,,openlibrary,OL81294W,https://openlibrary.org/works/OL81294W,https://covers.openlibrary.org/b/id/13140934-M.jpg,55.300000000000004
36,Alice's Adventures in Wonderland / Through the Looking Glass,Lewis Carroll,fantasy,,1889,,,542,,,openlibrary,OL151411W,https://openlibrary.org/works/OL151411W,https://covers.openlibrary.org/b/id/8595966-M.jpg,54.2
37,The Road to Oz,L. Frank Baum,fantasy,,1909,,,533,,,openlibrary,OL262390W,https://openlibrary.org/works/OL262390W,https://covers.openlibrary.org/b/id/8243922-M.jpg,53.300000000000004
38,The Riddle of the Sands,Erskine Childers,thriller,,1903,,,531,,,openlibrary,OL23797W,https://openlibrary.org/works/OL23797W,https://covers.openlibrary.org/b/id/2293974-M.jpg,53.1
39,The Sea Fairies,L. Frank Baum,fantasy,,1911,,,528,,,openlibrary,OL262384W,https://openlibrary.org/works/OL262384W,https://covers.openlibrary.org/b/id/1814237-M.jpg,52.800000000000004
40,Baum's American Fairy Tales,L. Frank Baum,fantasy,,1901,,,514,,,openlibrary,OL262341W,https://openlibrary.org/works/OL262341W,https://covers.openlibrary.org/b/id/709869-M.jpg,51.400000000000006
41,Sky Island,L. Frank Baum,fantasy,,1912,,,510,,,openlibrary,OL262385W,https://openlibrary.org/works/OL262385W,https://covers.openlibrary.org/b/id/2752804-M.jpg,51.0
42,The deerslayer,James Fenimore Cooper,thriller,,1841,,,504,,,openlibrary,OL77950W,https://openlibrary.org/works/OL77950W,https://covers.openlibrary.org/b/id/8237593-M.jpg,50.400000000000006
43,The Scarecrow of Oz,L. Frank Baum,fantasy,,1915,,,503,,,openlibrary,OL262352W,https://openlibrary.org/works/OL262352W,https://covers.openlibrary.org/b/id/431586-M.jpg,50.300000000000004
44,She,H. Rider Haggard,romance,,1886,,,499,,,openlibrary,OL17453W,https://openlibrary.org/works/OL17453W,https://covers.openlibrary.org/b/id/295537-M.jpg,49.900000000000006
45,The Patchwork Girl of Oz,L. Frank Baum,fantasy,,1913,,,496,,,openlibrary,OL18405W,https://openlibrary.org/works/OL18405W,https://covers.openlibrary.org/b/id/1473369-M.jpg,49.6
46,This Side of Paradise,F. Scott Fitzgerald,romance,,1920,,,495,,,openlibrary,OL468488W,https://openlibrary.org/works/OL468488W,https://covers.openlibrary.org/b/id/8243609-M.jpg,49.5
47,The Magic of Oz,L. Frank Baum,fantasy,,1919,,,494,,,openlibrary,OL262380W,https://openlibrary.org/works/OL262380W,https://covers.openlibrary.org/b/id/5071176-M.jpg,49.400000000000006
48,Tik-Tok of Oz,L. Frank Baum,fantasy,,1914,,,490,,,openlibrary,OL18414W,https://openlibrary.org/works/OL18414W,https://covers.openlibrary.org/b/id/8243277-M.jpg,49.0
49,Rinkitink in Oz,L. Frank Baum,fantasy,,1916,,,488,,,openlibrary,OL262376W,https://openlibrary.org/works/OL262376W,https://covers.openlibrary.org/b/id/765814-M.jpg,48.800000000000004
50,The Enchanted Castle,Edith Nesbit,fantasy,,1907,,,478,,,openlibrary,OL99541W,https://openlibrary.org/works/OL99541W,https://covers.openlibrary.org/b/id/6644514-M.jpg,47.800000000000004
51,Cranford,Elizabeth Cleghorn Gaskell,romance,,1853,,,473,,,openlibrary,OL1103093W,https://openlibrary.org/works/OL1103093W,https://covers.openlibrary.org/b/id/5188445-M.jpg,47.300000000000004
52,Heart of Darkness,Joseph Conrad,romance,,1899,,,464,,,openlibrary,OL38663W,https://openlibrary.org/works/OL38663W,https://covers.openlibrary.org/b/id/12307847-M.jpg,46.400000000000006
53,The Tin Woodman of Oz,L. Frank Baum,fantasy,,1918,,,461,,,openlibrary,OL262381W,https://openlibrary.org/works/OL262381W,https://covers.openlibrary.org/b/id/755973-M.jpg,46.1
54,The Hobbit,J.R.R. Tolkien,fantasy,,1937,,,460,,,openlibrary,OL27482W,https://openlibrary.org/works/OL27482W,https://covers.openlibrary.org/b/id/14627509-M.jpg,46.0
55,Harry Potter and the Deathly Hallows,J. K. Rowling,"fantasy, Juvenile Fiction","At a time when the forces of evil seem to be gaining the upper hand, Harry comes of age in the wizarding world, and must take on and defeat Voldemort--or be killed himself.",2007,4.5,92,,,,google,GZAoAQAAIAAJ,http://books.google.com/books?id=GZAoAQAAIAAJ&dq=subject:fantasy&hl=&as_pt=BOOKS&source=gbs_api,http://books.google.com/books/content?id=GZAoAQAAIAAJ&printsec=frontcover&img=1&zoom=1&source=gbs_api,43.162483709814474
56,The Pathfinder,James Fenimore Cooper,thriller,,1800,,,427,,,openlibrary,OL78009W,https://openlibrary.org/works/OL78009W,https://covers.openlibrary.org/b/id/8980913-M.jpg,42.7
57,"Under the Greenwood Tree or, The Mellstock quire",Thomas Hardy,romance,,1872,,,425,,,openlibrary,OL44973W,https://openlibrary.org/works/OL44973W,https://covers.openlibrary.org/b/id/902186-M.jpg,42.5
58,Jude the Obscure,Thomas Hardy,romance,,1895,,,425,,,openlibrary,OL44986W,https://openlibrary.org/works/OL44986W,https://covers.openlibrary.org/b/id/12973053-M.jpg,42.5
59,Le Tour du Monde en Quatre-Vingts Jours,Jules Verne,thriller,,1872,,,425,,,openlibrary,OL1100007W,https://openlibrary.org/works/OL1100007W,https://covers.openlibrary.org/b/id/6976035-M.jpg,42.5
60,Le rouge et le noir,Stendhal,romance,,1830,,,404,,,openlibrary,OL733640W,https://openlibrary.org/works/OL733640W,https://covers.openlibrary.org/b/id/8231413-M.jpg,40.400000000000006
61,The Woodlanders,Thomas Hardy,romance,,1800,,,392,,,openlibrary,OL44990W,https://openlibrary.org/works/OL44990W,https://covers.openlibrary.org/b/id/8243078-M.jpg,39.2
62,Vingt mille lieues sous les mers,Jules Verne,thriller,,1870,,,382,,,openlibrary,OL1099280W,https://openlibrary.org/works/OL1099280W,https://covers.openlibrary.org/b/id/6573517-M.jpg,38.2
63,The pioneers,James Fenimore Cooper,"thriller, romance",,1800,,,378,,,openlibrary,OL77997W,https://openlibrary.org/works/OL77997W,https://covers.openlibrary.org/b/id/9000512-M.jpg,37.800000000000004
64,White Fang,Jack London,thriller,,1905,,,367,,,openlibrary,OL74504W,https://openlibrary.org/works/OL74504W,https://covers.openlibrary.org/b/id/8236920-M.jpg,36.7
65,Fablehaven,Brandon Mull,"fantasy, Juvenile Fiction",Kendra and Seth find themselves in the midst of a battle between good and evil when they visit their grandparents' estate and discover that it is a sanctuary for magical creatures.,2007,4.5,63,,1416947205,9781416947202,google,w7FfrQxhnxEC,http://books.google.com/books?id=w7FfrQxhnxEC&dq=subject:fantasy&hl=&as_pt=BOOKS&source=gbs_api,http://books.google.com/books/content?id=w7FfrQxhnxEC&printsec=frontcover&img=1&zoom=1&edge=curl&source=gbs_api,35.71764269937197
66,Kidnapped,Robert Louis Stevenson,thriller,,1886,,,352,,,openlibrary,OL24166W,https://openlibrary.org/works/OL24166W,https://covers.openlibrary.org/b/id/8267822-M.jpg,35.2
67,Mr. Standfast,John Buchan,thriller,,1919,,,325,,,openlibrary,OL76598W,https://openlibrary.org/works/OL76598W,https://covers.openlibrary.org/b/id/6962564-M.jpg,32.5
68,A strange disappearance,"Anna Katharine Green, Anna Katharine Green, Cyanide Publishing, Anna Katherine Green, Anna Green",thriller,,1879,,,306,,,openlibrary,OL4885721W,https://openlibrary.org/works/OL4885721W,https://covers.openlibrary.org/b/id/12657405-M.jpg,30.6
69,The Evil Shepherd,Edward Phillips Oppenheim,thriller,,1922,,,289,,,openlibrary,OL2681032W,https://openlibrary.org/works/OL2681032W,https://covers.openlibrary.org/b/id/12648419-M.jpg,28.900000000000002
70,The Age of Innocence,Edith Wharton,romance,,1920,,,285,,,openlibrary,OL98491W,https://openlibrary.org/works/OL98491W,https://covers.openlibrary.org/b/id/11196262-M.jpg,28.5
71,Framley Parsonage,Anthony Trollope,romance,,1861,,,276,,,openlibrary,OL109880W,https://openlibrary.org/works/OL109880W,https://covers.openlibrary.org/b/id/8288051-M.jpg,27.6
72,Daisy Miller,Henry James,romance,,1877,,,244,,,openlibrary,OL276328W,https://openlibrary.org/works/OL276328W,https://covers.openlibrary.org/b/id/6482238-M.jpg,24.400000000000002
73,The Ambassadors,Henry James,romance,,1903,,,231,,,openlibrary,OL276470W,https://openlibrary.org/works/OL276470W,https://covers.openlibrary.org/b/id/313610-M.jpg,23.1
74,Far From the Madding Crowd,Thomas Hardy,romance,,1874,,,229,,,openlibrary,OL44995W,https://openlibrary.org/works/OL44995W,https://covers.openlibrary.org/b/id/902038-M.jpg,22.900000000000002
75,Otto of the Silver Hand,"Howard Pyle, Howard Pyle",thriller,,1888,,,226,,,openlibrary,OL2021957W,https://openlibrary.org/works/OL2021957W,https://covers.openlibrary.org/b/id/7263483-M.jpg,22.6
76,Washington Square,Henry James,romance,,1880,,,219,,,openlibrary,OL276395W,https://openlibrary.org/works/OL276395W,https://covers.openlibrary.org/b/id/8243278-M.jpg,21.900000000000002
77,The Return of the Native,Thomas Hardy,romance,,1878,,,205,,,openlibrary,OL44994W,https://openlibrary.org/works/OL44994W,https://covers.openlibrary.org/b/id/8162989-M.jpg,20.5
78,Poirot investigates,Agatha Christie,romance,,1924,,,205,,,openlibrary,OL471940W,https://openlibrary.org/works/OL471940W,https://covers.openlibrary.org/b/id/13670505-M.jpg,20.5
79,Voyage au Centre de la Terre,Jules Verne,thriller,,1867,,,204,,,openlibrary,OL1099513W,https://openlibrary.org/works/OL1099513W,https://covers.openlibrary.org/b/id/5890987-M.jpg,20.400000000000002
80,Lord of the Flies,William Golding,thriller,,1954,,,191,,,openlibrary,OL455327W,https://openlibrary.org/works/OL455327W,https://covers.openlibrary.org/b/id/8684447-M.jpg,19.1
81,The Beetle,"Richard Marsh, Satomi Sugita",thriller,,1897,,,189,,,openlibrary,OL827326W,https://openlibrary.org/works/OL827326W,https://covers.openlibrary.org/b/id/2748335-M.jpg,18.900000000000002
82,A Room with a View,E. M. Forster,romance,,1905,,,185,,,openlibrary,OL88813W,https://openlibrary.org/works/OL88813W,https://covers.openlibrary.org/b/id/1748132-M.jpg,18.5
83,An American Tragedy,Theodore Dreiser,thriller,,1900,,,176,,,openlibrary,OL100239W,https://openlibrary.org/works/OL100239W,https://covers.openlibrary.org/b/id/12728401-M.jpg,17.6
84,Secrets of the Dragon Sanctuary,Brandon Mull,"fantasy, Juvenile Fiction","When Kendra and Seth go to stay at their grandparents' estate, they discover that it is a sanctuary for magical creatures and that a battle between good and evil is looming.",2010,4.5,13,,1416990283,9781416990284,google,qjFlYdAhCiAC,http://books.google.com/books?id=qjFlYdAhCiAC&dq=subject:fantasy&hl=&as_pt=BOOKS&source=gbs_api,http://books.google.com/books/content?id=qjFlYdAhCiAC&printsec=frontcover&img=1&zoom=1&edge=curl&source=gbs_api,16.224980739587952
85,A Tale of Three Lions,H. Rider Haggard,thriller,,2004,,,162,,,openlibrary,OL17455W,https://openlibrary.org/works/OL17455W,https://covers.openlibrary.org/b/id/2009339-M.jpg,16.2
86,The Glass Menagerie,Tennessee Williams,"romance, Drama",The only single edition now available of this American classic about a mother obsessed with her disabled daughter.,1999,4,14,,0811214044,9780811214049,google,tWbVwZjv43kC,http://books.google.com/books?id=tWbVwZjv43kC&dq=subject:romance&hl=&as_pt=BOOKS&source=gbs_api,http://books.google.com/books/content?id=tWbVwZjv43kC&printsec=frontcover&img=1&zoom=1&edge=curl&source=gbs_api,14.966629547095765
87,Keeper of the Lost Cities,Shannon Messenger,"fantasy, Juvenile Nonfiction","At age 12, Sophie learns that the remarkable abilities that have always caused her to stand out identify her as an elf. After being brought to Eternalia to hone her skills, she discovers that she has secrets buried in her memory for which some would kill.",2012,4.5,11,,1442445939,9781442445932,google,poq0maYov4MC,http://books.google.com/books?id=poq0maYov4MC&dq=subject:fantasy&hl=&as_pt=BOOKS&source=gbs_api,http://books.google.com/books/content?id=poq0maYov4MC&printsec=frontcover&img=1&zoom=1&edge=curl&source=gbs_api,14.924811556599298
88,The Lord of the Rings,"j.r.r. tolkien, John Ronald Reuel Tolkien","fantasy, Fiction",Contains the complete set of the six books of Lord of the Rings.,2001,4.5,11,,,,google,ptHZAAAAMAAJ,http://books.google.com/books?id=ptHZAAAAMAAJ&dq=subject:fantasy&hl=&as_pt=BOOKS&source=gbs_api,http://books.google.com/books/content?id=ptHZAAAAMAAJ&printsec=frontcover&img=1&zoom=1&source=gbs_api,14.924811556599298
89,The Cat in the Hat,Dr. Seuss,"fantasy, Juvenile Fiction",The Cat in the Hat entertains two children on a rainy day.,2012,4,13,,0449810860,9780449810866,google,VTu8i9vGUksC,http://books.google.com/books?id=VTu8i9vGUksC&dq=subject:fantasy&hl=&as_pt=BOOKS&source=gbs_api,http://books.google.com/books/content?id=VTu8i9vGUksC&printsec=frontcover&img=1&zoom=1&edge=curl&source=gbs_api,14.422205101855956
90,The Harbinger,Jonathan Cahn,"thriller, Fiction","An anonymous man has received nine seals from The Prophet, with each seal containing mysterious sayings and prophecies from the Book of Isaiah about America's recent past and possible future destruction.",2011,4.5,10,,161638610X,9781616386108,google,nt2gYevSZrMC,http://books.google.com/books?id=nt2gYevSZrMC&dq=subject:thriller&hl=&as_pt=BOOKS&source=gbs_api,http://books.google.com/books/content?id=nt2gYevSZrMC&printsec=frontcover&img=1&zoom=1&edge=curl&source=gbs_api,14.230249470757707
91,In Secret,Robert W. Chambers,thriller,,1919,,,142,,,openlibrary,OL8127199W,https://openlibrary.org/works/OL8127199W,https://covers.openlibrary.org/b/id/1844837-M.jpg,14.200000000000001
92,The Drums of Jeopardy,Harold MacGrath,thriller,,1920,,,140,,,openlibrary,OL2344450W,https://openlibrary.org/works/OL2344450W,https://covers.openlibrary.org/b/id/11351150-M.jpg,14.0
93,Nightmare Abbey,Thomas Love Peacock,thriller,,1818,,,140,,,openlibrary,OL2713465W,https://openlibrary.org/works/OL2713465W,https://covers.openlibrary.org/b/id/1956635-M.jpg,14.0
94,The Borrowers,Mary Norton,"fantasy, Juvenile Fiction","Miniature people live in an old country house and provide for themselves by ""borrowing"" things from the humans until they are forced to emigrate from their home under the clock.",1953,4,12,,0152047379,9780152047375,google,WPnebZVDkNAC,http://books.google.com/books?id=WPnebZVDkNAC&dq=subject:fantasy&hl=&as_pt=BOOKS&source=gbs_api,http://books.google.com/books/content?id=WPnebZVDkNAC&printsec=frontcover&img=1&zoom=1&edge=curl&source=gbs_api,13.856406460551018
95,The Eye of Osiris,R. Austin Freeman,thriller,,1911,,,136,,,openlibrary,OL13150029W,https://openlibrary.org/works/OL13150029W,https://covers.openlibrary.org/b/id/7162423-M.jpg,13.600000000000001
96,The Wind in the Willows,Kenneth Grahame,"fantasy, Juvenile Fiction","The escapades of four animal friends who live along a river in the English countryside--Toad, Mole, Rat, and Badger.",1993,4.5,7,,185326122X,9781853261220,google,Mo7D3Je7_DMC,http://books.google.com/books?id=Mo7D3Je7_DMC&dq=subject:fantasy&hl=&as_pt=BOOKS&source=gbs_api,http://books.google.com/books/content?id=Mo7D3Je7_DMC&printsec=frontcover&img=1&zoom=1&edge=curl&source=gbs_api,11.905880899790658
97,The Eleventh Commandment,Jeffrey Archer,"thriller, Fiction","ELEVENTH COMMANDMENT Jeffrey Archer Connor Fitzgerald has an impressive resume. Military hero. Devoted family man. Servant of his country--as an assassin. Just as he's about to put his twenty-eight-year career at the CIA behind him, he comes up against the most dangerous enemy he's ever faced: His own boss, Helen Dexter."""" As Director of the CIA, Dexter has always been the one to hold the strings. But when her status is threatened by a greater power, her only hope for survival is to destroy Fitzgerald. Meanwhile, the country braces itself as tensions with a new Russian leader reach the boiling point...and it's up to Fitzgerald to pull off his most daring mission yet: To save the world. Even if that means risking everything--including his own life--in the process.",1998,3.5,11,,,,google,yRSoAAAAIAAJ,http://books.google.com/books?id=yRSoAAAAIAAJ&dq=subject:thriller&hl=&as_pt=BOOKS&source=gbs_api,http://books.google.com/books/content?id=yRSoAAAAIAAJ&printsec=frontcover&img=1&zoom=1&source=gbs_api,11.6081867662439
98,Carrie,Stephen King,thriller,,1974,,,113,,,openlibrary,OL81626W,https://openlibrary.org/works/OL81626W,https://covers.openlibrary.org/b/id/9256043-M.jpg,11.3
99,Eragon,Christopher Paolini,"fantasy, Juvenile Fiction","14 Compact Discs; 16 hours, 23 minutes; unabridged Audio CD.",2006,5,5,,044023848X,9780440238485,google,0ovOTsTs22AC,http://books.google.com/books?id=0ovOTsTs22AC&dq=subject:fantasy&hl=&as_pt=BOOKS&source=gbs_api,http://books.google.com/books/content?id=0ovOTsTs22AC&printsec=frontcover&img=1&zoom=1&edge=curl&source=gbs_api,11.180339887498949
100,The Pillars of the Earth,Ken Follett,thriller,,1989,,,110,,,openlibrary,OL1914022W,https://openlibrary.org/works/OL1914022W,https://covers.openlibrary.org/b/id/9269909-M.jpg,11.0
101,The Dead Zone,Stephen King,"thriller, Fiction",A supernatural thriller that plunges the reader into the fate awaiting all mankind -- The Dead Zone. Copyright © Libri GmbH. All rights reserved.,1979,3.5,8,,0670260770,9780670260775,google,01N88IPrDnYC,http://books.google.com/books?id=01N88IPrDnYC&dq=subject:thriller&hl=&as_pt=BOOKS&source=gbs_api,http://books.google.com/books/content?id=01N88IPrDnYC&printsec=frontcover&img=1&zoom=1&source=gbs_api,9.899494936611665
102,Captivated,Nora Roberts,"romance, Fiction",His interest in her was purely professional ... or so he told himself.,2004,4,6,,0373285000,9780373285006,google,4TtmtWzIIpsC,http://books.google.com/books?id=4TtmtWzIIpsC&dq=subject:romance&hl=&as_pt=BOOKS&source=gbs_api,http://books.google.com/books/content?id=4TtmtWzIIpsC&printsec=frontcover&img=1&zoom=1&source=gbs_api,9.797958971132712
103,Brother Odd,Dean Ray Koontz,"thriller, Fiction","Loop me in, odd one.The words, spoken in the deep of night by a sleeping child, chill the young man watching over her. For this was a favorite phrase of Stormy Llewellyn, his lost love, and Stormy is dead, gone forever from this world. In the haunted halls of the isolated monastery where he had sought peace, Odd Thomas is stalking spirits of an infinitely darker nature Through twoNew York Timesbestselling novels Odd Thomas has established himself as one of the most beloved and unique fictional heroes of our time. Now, wielding all the power and magic of a master storyteller at the pinnacle of his craft, Dean Koontz follows Odd into a singular new world where he hopes to make a fresh beginning—but where he will meet an adversary as old and inexorable as time itself. St. Bartholomew’s Abbey sits in majestic solitude amid the wild peaks of California’s high Sierra, a haven for children otherwise abandoned, and a sanctuary for those seeking insight. Odd Thomas has come here to learn to live fully again, and among the eccentric monks, their other guests, and the nuns and young students of the attached convent school, he has begun to find his way. The silent spirits of the dead who visited him in his earlier life are mercifully absent, save for the bell-ringing Brother Constantine and Odd’s steady companion, the King of Rock 'n' Roll. But trouble has a way of finding Odd Thomas, and it slinks back onto his path in the form of the sinister bodachs he has met previously, the black shades who herald death and disaster, and who come late one December night to hover above the abbey’s most precious charges. For Odd is about to face an enemy who eclipses any he has yet encountered, as he embarks on a journey of mystery, wonder, and sheer suspense that surpasses all that has come before. From the Hardcover edition.",2007,4.5,4,,0553589105,9780553589108,google,HuWP4w41tOEC,http://books.google.com/books?id=HuWP4w41tOEC&dq=subject:thriller&hl=&as_pt=BOOKS&source=gbs_api,http://books.google.com/books/content?id=HuWP4w41tOEC&printsec=frontcover&img=1&zoom=1&edge=curl&source=gbs_api,9.0
104,Tales from Earthsea,Ursula K. Le Guin,"fantasy, Fiction","Exploring the legend of Earthsea's history, people, languages, literature, and magic, this collection of four magical stories is now available in a paperback edition.",2002,4,5,,0441009328,9780441009329,google,Fc4vX8-vQPgC,http://books.google.com/books?id=Fc4vX8-vQPgC&dq=subject:fantasy&hl=&as_pt=BOOKS&source=gbs_api,http://books.google.com/books/content?id=Fc4vX8-vQPgC&printsec=frontcover&img=1&zoom=1&source=gbs_api,8.94427190999916
105,Nightfall,Shannon Messenger,"fantasy, Juvenile Fiction",Sophie and her friends face battles unlike anything they've experienced before in this thrilling sixth book of Messenger's New York Times- and USA Today-bestselling series. 5 1/2 x 8 5/16.,2017,5,3,,1481497405,9781481497404,google,90k8DwAAQBAJ,http://books.google.com/books?id=90k8DwAAQBAJ&dq=subject:fantasy&hl=&as_pt=BOOKS&source=gbs_api,http://books.google.com/books/content?id=90k8DwAAQBAJ&printsec=frontcover&img=1&zoom=1&edge=curl&source=gbs_api,8.660254037844386
106,The Illustrated Man,Ray Bradbury,"fantasy, Fiction",Eighteen science fiction stories.,1951,4,4,,,,google,ahRAAAAAIAAJ,http://books.google.com/books?id=ahRAAAAAIAAJ&dq=subject:fantasy&hl=&as_pt=BOOKS&source=gbs_api,http://books.google.com/books/content?id=ahRAAAAAIAAJ&printsec=frontcover&img=1&zoom=1&source=gbs_api,8.0
107,Harry Potter and the Philosopher's Stone,J. K. Rowling,"fantasy, Juvenile Fiction","Harry Potter is an ordinary boy who lives in a cupboard under the stairs at his Aunt Petunia and Uncle Vernon's house, which he thinks is normal for someone like him who's parents have been killed in a 'car crash'. He is bullied by them and his fat, spoilt cousin Dudley, and lives a very unremarkable life with only the odd hiccup (like his hair growing back overnight!) to cause him much to think about. That is until an owl turns up with a letter addressed to Harry and all hell breaks loose! He is literally rescued by a world where nothing is as it seems and magic lessons are the order of the day. Read and find out how Harry discovers his true heritage at Hogwarts School of Wizardry and Witchcraft, the reason behind his parents mysterious death, who is out to kill him, and how he uncovers the most amazing secret of all time, the fabled Philosopher's Stone! All this and muggles too. Now, what are they?",1997,4.5,3,,0747532699,9780747532699,google,xYotngEACAAJ,http://books.google.com/books?id=xYotngEACAAJ&dq=subject:fantasy&hl=&as_pt=BOOKS&source=gbs_api,http://books.google.com/books/content?id=xYotngEACAAJ&printsec=frontcover&img=1&zoom=1&source=gbs_api,7.794228634059947
108,Prince Caspian Movie Tie-in Edition (rack),C. S. Lewis,"fantasy, Fiction","This movie tie-in edition of the full original PRINCE CASPIAN novel will be rack size, and feature a movie cover and an 8-page movie still insert.",2008,5,2,,0061231061,9780061231063,google,4bn7XhMeBH8C,http://books.google.com/books?id=4bn7XhMeBH8C&dq=subject:fantasy&hl=&as_pt=BOOKS&source=gbs_api,http://books.google.com/books/content?id=4bn7XhMeBH8C&printsec=frontcover&img=1&zoom=1&edge=curl&source=gbs_api,7.0710678118654755
109,A Wrinkle in Time,Madeleine L'Engle,"fantasy, Juvenile Fiction","This special edition ofA Wrinkle in Timeincludes a new essay that explores the science behind the fantasy. Rediscover one of the most beloved children's books of all time:A Wrinkle in Timeby Madeleine L'Engle: Meg Murray, her little brother Charles Wallace, and their mother are having a midnight snack on a dark and stormy night when an unearthly stranger appears at their door. He claims to have been blown off course, and goes on to tell them that there is such a thing as a ""tesseract,"" which, if you didn't know, is a wrinkle in time. Meg's father had been experimenting with time-travel when he suddenly disappeared. Will Meg, Charles Wallace, and their friend Calvin outwit the forces of evil as they search through space for their father?",1973,4,3,,0440498058,9780440498056,google,xo424twqfEsC,http://books.google.com/books?id=xo424twqfEsC&dq=subject:fantasy&hl=&as_pt=BOOKS&source=gbs_api,http://books.google.com/books/content?id=xo424twqfEsC&printsec=frontcover&img=1&zoom=1&source=gbs_api,6.928203230275509
110,Immoral,Brian Freeman,"thriller, Fiction","In a moral world, murder is the ultimate crime, a killer pays the ultimate price, and the victim remains buried. Unless everyone is immoral.",2005,4,3,,0312340427,9780312340421,google,-A7Yp3tF39oC,http://books.google.com/books?id=-A7Yp3tF39oC&dq=subject:thriller&hl=&as_pt=BOOKS&source=gbs_api,http://books.google.com/books/content?id=-A7Yp3tF39oC&printsec=frontcover&img=1&zoom=1&edge=curl&source=gbs_api,6.928203230275509
111,The Da Vinci Code,Dan Brown,"thriller, Fiction","Robert Langdon, Harvard Professor of symbology, receives an urgent late-night call while in Paris: the curator of the Louvre has been murdered. Alongside the body is a series of baffling ciphers. Langdon and a gifted French cryptologist, Sophie Neveu, are stunned to find a trail that leads to the to the works of Da Vinci - and further. The curator, part of a secret society named the Priory of Sion, may have sacrificed his life to keep secret the location of a vastly important religious relic hidden for centuries. It appears that the clandestine Vatican-sanctioned Catholic sect Opus Dei has now made its move. Unless Landon and Neveu can decipher the labyrinthine code and quickly assemble the pieces of the puzzle, the Priory's secret - and a stunning historical truth - will be lost forever.",2003,4.5,2,,0593051521,9780593051528,google,g40bVuX9wmYC,http://books.google.com/books?id=g40bVuX9wmYC&dq=subject:thriller&hl=&as_pt=BOOKS&source=gbs_api,http://books.google.com/books/content?id=g40bVuX9wmYC&printsec=frontcover&img=1&zoom=1&source=gbs_api,6.3639610306789285
112,The Servants of Twilight,Dean Ray Koontz,"thriller, Fiction",Christine Scavello's life turns into a nightmare when her six-year-old son becomes a target for a group of religious fanatics who believe he is the Antichrist and will stop at nothing to kill him. Reissue.,1984,3,3,,0425121259,9780425121252,google,fLrfKld2lLUC,http://books.google.com/books?id=fLrfKld2lLUC&dq=subject:thriller&hl=&as_pt=BOOKS&source=gbs_api,http://books.google.com/books/content?id=fLrfKld2lLUC&printsec=frontcover&img=1&zoom=1&source=gbs_api,5.196152422706632
113,Path of the Assassin,Brad Thor,"thriller, Fiction","With action-packed prose and dead-on authenticity, Thor and his indomitable hero Scot Harvath--from ""The Lions of Lucerne""--are back, raising the stakes and taking on an anonymous terrorist bent on stoking a global holy war of apocalyptic proportions.",2003,3,3,,0743436768,9780743436762,google,aQUWFZWdg1IC,http://books.google.com/books?id=aQUWFZWdg1IC&dq=subject:thriller&hl=&as_pt=BOOKS&source=gbs_api,http://books.google.com/books/content?id=aQUWFZWdg1IC&printsec=frontcover&img=1&zoom=1&edge=curl&source=gbs_api,5.196152422706632
114,The Wizard of Oz,L. Frank Baum,"fantasy, Fiction",".0000000000This is the story of Dorothy and her little dog Toto, who are carried away from Kansas by a cyclone and transported to the wonderful world of Oz. She meets three companions - the Scarecrow, the Tin Woodman and the Cowardly Lion - and the three journey to the Emerald City of Oz to ask the Wizard of Oz to give them their hearts' desires, which in Dorothy's case is to return home to Kansas. On their way to Oz and while fulfilling the tasks that the surprising Wizard asks of them they encounter witches, winged monkeys, the Deadly Desert, fighting trees and magic shoes.This edition is evocatively illustrated with the original drawings of W. W. Denslow, with an Afterword by Ned Halley.",2009,5,1,,1905716524,9781905716524,google,hRd7dJ-9G1IC,http://books.google.com/books?id=hRd7dJ-9G1IC&dq=subject:fantasy&hl=&as_pt=BOOKS&source=gbs_api,http://books.google.com/books/content?id=hRd7dJ-9G1IC&printsec=frontcover&img=1&zoom=1&edge=curl&source=gbs_api,5.0
115,Prince Charming,Julie Garwood,"romance, Fiction","Beautiful Taylor Baker, whose fiance has eloped with her odious cousin and whose greedy uncle has his own plans for her, escapes to Montana with rough-edged American Lucas Ross.",1995,5,1,,0671870963,9780671870966,google,-PVWACFDvmEC,http://books.google.com/books?id=-PVWACFDvmEC&dq=subject:romance&hl=&as_pt=BOOKS&source=gbs_api,http://books.google.com/books/content?id=-PVWACFDvmEC&printsec=frontcover&img=1&zoom=1&edge=curl&source=gbs_api,5.0
116,Me Before You (Movie Tie-In),Jojo Moyes,"romance, Fiction","Taking a job as an assistant to extreme sports enthusiast Will, who is wheelchair bound after a motorcycle accident, Louisa struggles with her employer's acerbic moods and learns of his shocking plans before demonstrating to him that life is still worth living.",2016,5,1,,0143109464,9780143109464,google,SxPUCwAAQBAJ,http://books.google.com/books?id=SxPUCwAAQBAJ&dq=subject:romance&hl=&as_pt=BOOKS&source=gbs_api,http://books.google.com/books/content?id=SxPUCwAAQBAJ&printsec=frontcover&img=1&zoom=1&edge=curl&source=gbs_api,5.0
117,The Apostle,Brad Thor,"thriller, Fiction","When a media titan's daughter is kidnapped in Afghanistan and offered in exchange for the freedom of a top Al Qaeda operative, covert Homeland Security operative Scot Harvath undertakes a dangerous mission to free the terrorist from a Kabul prison.",2009,3.5,2,,1416586571,9781416586579,google,o56mu1GaW2kC,http://books.google.com/books?id=o56mu1GaW2kC&dq=subject:thriller&hl=&as_pt=BOOKS&source=gbs_api,http://books.google.com/books/content?id=o56mu1GaW2kC&printsec=frontcover&img=1&zoom=1&edge=curl&source=gbs_api,4.949747468305833
118,The Confessor,Daniel Silva,"thriller, Fiction","In the wake of a Munich writer's assassination, Mossad agent Gabriel Allon and Vatican priest Pietro embark on dangerous journeys that reveal long-buried secrets affecting the fates of millions of people.",2003,4,1,,0786254483,9780786254484,google,ViZePgAACAAJ,http://books.google.com/books?id=ViZePgAACAAJ&dq=subject:thriller&hl=&as_pt=BOOKS&source=gbs_api,http://books.google.com/books/content?id=ViZePgAACAAJ&printsec=frontcover&img=1&zoom=1&source=gbs_api,4.0
119,The Silver Chair,Clive Staples Lewis,"fantasy, Juvenile Fiction","Two English children undergo hair-raising adventures as they go on a search and rescue mission for the missing Prince Rilian, who is held captive in the underground kingdom of the Emerald Witch.",1998,,,,0006716814,9780006716815,google,Pnqx6B2lF60C,http://books.google.com/books?id=Pnqx6B2lF60C&dq=subject:fantasy&hl=&as_pt=BOOKS&source=gbs_api,http://books.google.com/books/content?id=Pnqx6B2lF60C&printsec=frontcover&img=1&zoom=1&source=gbs_api,0.0
120,A Wizard of Earthsea,Ursula K. Le Guin,"fantasy, Juvenile Fiction",A boy grows to manhood while attempting to subdue the evil he unleashed on the world as an apprentice to the Master Wizard.,2012,,,,0547851391,9780547851396,google,FD72ekYZqIkC,http://books.google.com/books?id=FD72ekYZqIkC&dq=subject:fantasy&hl=&as_pt=BOOKS&source=gbs_api,http://books.google.com/books/content?id=FD72ekYZqIkC&printsec=frontcover&img=1&zoom=1&edge=curl&source=gbs_api,0.0
121,Peter and Wendy,James Matthew Barrie,"fantasy, Children","The adventures of Peter Pan, the boy who would not grow up.",1911,,,,,,google,OJZFAAAAMAAJ,https://play.google.com/store/books/details?id=OJZFAAAAMAAJ&source=gbs_api,http://books.google.com/books/content?id=OJZFAAAAMAAJ&printsec=frontcover&img=1&zoom=1&edge=curl&source=gbs_api,0.0
122,The Waste Lands,Stephen King,"fantasy, Fiction","Roland, the Last Gunslinger, moves closer to The Dark Tower of his dreams and nightmares through a world of the fiendish foes.",1993,,,,0451173317,9780451173317,google,r2_rY3LwaA4C,http://books.google.com/books?id=r2_rY3LwaA4C&dq=subject:fantasy&hl=&as_pt=BOOKS&source=gbs_api,http://books.google.com/books/content?id=r2_rY3LwaA4C&printsec=frontcover&img=1&zoom=1&source=gbs_api,0.0
123,Peter Pan,James Matthew Barrie,"fantasy, Fiction","The adventures of the three darling children in Never-Never Land with Peter Pan, the boy who would not grow up.",2008,,,,1402754264,9781402754265,google,WdM_qxJq8T8C,http://books.google.com/books?id=WdM_qxJq8T8C&dq=subject:fantasy&hl=&as_pt=BOOKS&source=gbs_api,http://books.google.com/books/content?id=WdM_qxJq8T8C&printsec=frontcover&img=1&zoom=1&edge=curl&source=gbs_api,0.0
124,The Magician's Nephew Color Gift Edition,C. S. Lewis,"fantasy, Fiction","The first book in The Chronicles of Narnia is now available in a full-color, unabridged gift edition that includes all of the original Pauline Baynes illustrations.",2003,,,,0060530847,9780060530846,google,klGC6xroFOwC,http://books.google.com/books?id=klGC6xroFOwC&dq=subject:fantasy&hl=&as_pt=BOOKS&source=gbs_api,http://books.google.com/books/content?id=klGC6xroFOwC&printsec=frontcover&img=1&zoom=1&edge=curl&source=gbs_api,0.0
125,Through the Looking-Glass,Lewis Carroll,"fantasy, Juvenile Fiction",Publisher description,1993,,,,0688120490,9780688120498,google,V94zd80Y4WIC,http://books.google.com/books?id=V94zd80Y4WIC&dq=subject:fantasy&hl=&as_pt=BOOKS&source=gbs_api,http://books.google.com/books/content?id=V94zd80Y4WIC&printsec=frontcover&img=1&zoom=1&edge=curl&source=gbs_api,0.0
126,Bloodmarked,Tracy Deonn,"fantasy, Young Adult Fiction","""When the leaders of the Order reveal that they will do everything in their power to keep the approaching demon war a secret, Bree and her friends go on the run so she can learn how to control her devastating new powers.""--",2022,,,,1534441638,9781534441637,google,S9RJEAAAQBAJ,http://books.google.com/books?id=S9RJEAAAQBAJ&dq=subject:fantasy&hl=&as_pt=BOOKS&source=gbs_api,http://books.google.com/books/content?id=S9RJEAAAQBAJ&printsec=frontcover&img=1&zoom=1&edge=curl&source=gbs_api,0.0
127,The Ice Dragon,George R. R. Martin,"fantasy, Juvenile Fiction","A tale of courage and sacrifice set in the world of the #1 New York Times bestselling series A Song of Ice and Fire, basis for HBO's megahit Game of Thrones",2014,,,,0765378779,9780765378774,google,ihXFBAAAQBAJ,http://books.google.com/books?id=ihXFBAAAQBAJ&dq=subject:fantasy&hl=&as_pt=BOOKS&source=gbs_api,http://books.google.com/books/content?id=ihXFBAAAQBAJ&printsec=frontcover&img=1&zoom=1&edge=curl&source=gbs_api,0.0
128,Lodestar,Shannon Messenger,"fantasy, Juvenile Fiction","Betrayed by one of their closest allies, Sophie's whole word has been turned inside out. The battles are shaping up and the stakes have never been higher ...",2016,,,,1481474952,9781481474955,google,0KFSDQAAQBAJ,http://books.google.com/books?id=0KFSDQAAQBAJ&dq=subject:fantasy&hl=&as_pt=BOOKS&source=gbs_api,http://books.google.com/books/content?id=0KFSDQAAQBAJ&printsec=frontcover&img=1&zoom=1&edge=curl&source=gbs_api,0.0
129,An Ember in the Ashes,Sabaa Tahir,"fantasy, Juvenile Fiction","BOOK ONE IN THE NEW YORK TIMES BESTSELLING SERIES One of Time Magazine's 100 Best Fantasy Books of All Time Instant New York Times bestseller From #1 New York Times bestselling author Sabaa Tahir Amazon's Best Young Adult Book of 2015 People's Choice Award winner - Favorite Fantasy Bustle's Best Young Adult Book of 2015 ""This novel is a harrowing, haunting reminder of what it means to be human -- and how hope might be kindled in the midst of oppression and fear."" -- The Washington Post ""An Ember in the Ashes could launch Sabaa Tahir into JK Rowling territory...It has the addictive quality of The Hunger Games combined with the fantasy of Harry Potter and the brutality of Game of Thrones.""--Public Radio International ""An Ember in the Ashes glows, burns, and smolders--as beautiful and radiant as it is searing.""--Huffington Post ""A worthy novel - and one as brave as its characters."" --The New York Times Book Review Laia is a slave. Elias is a soldier. Neither is free. Under the Martial Empire, defiance is met with death. Those who do not vow their blood and bodies to the Emperor risk the execution of their loved ones and the destruction of all they hold dear. It is in this brutal world, inspired by ancient Rome, that Laia lives with her grandparents and older brother. The family ekes out an existence in the Empire's impoverished backstreets. They do not challenge the Empire. They've seen what happens to those who do. But when Laia's brother is arrested for treason, Laia is forced to make a decision. In exchange for help from rebels who promise to rescue her brother, she will risk her life to spy for them from within the Empire's greatest military academy. There, Laia meets Elias, the school's finest soldier--and secretly, its most unwilling. Elias wants only to be free of the tyranny he's being trained to enforce. He and Laia will soon realize that their destinies are intertwined--and that their choices will change the fate of the Empire itself.",2020,,,,0593206932,9780593206935,google,M8D1DwAAQBAJ,http://books.google.com/books?id=M8D1DwAAQBAJ&dq=subject:fantasy&hl=&as_pt=BOOKS&source=gbs_api,http://books.google.com/books/content?id=M8D1DwAAQBAJ&printsec=frontcover&img=1&zoom=1&edge=curl&source=gbs_api,0.0
130,The Dragonbone Chair,Tad Williams,"fantasy, Fiction","Simon, a young kitchen boy and magician's apprentice, finds his world torn apart by a civil war fueled by immortal enemies and the dark powers of sorcery.",2005,,,,0756402697,9780756402693,google,BSuJEAAAQBAJ,http://books.google.com/books?id=BSuJEAAAQBAJ&dq=subject:fantasy&hl=&as_pt=BOOKS&source=gbs_api,http://books.google.com/books/content?id=BSuJEAAAQBAJ&printsec=frontcover&img=1&zoom=1&edge=curl&source=gbs_api,0.0
131,Bridge to Terabithia,Katherine Paterson,"fantasy, Juvenile Fiction","One of the most celebrated Newbery Medal winners of all time gets a magical makeover in this new edition, complete with a reader's guide that's ideal for teachers, book clubs, or anyone looking for insight into this favorite book.",1979,,,,0380432811,9780380432813,google,qGhxPIwXLikC,http://books.google.com/books?id=qGhxPIwXLikC&dq=subject:fantasy&hl=&as_pt=BOOKS&source=gbs_api,http://books.google.com/books/content?id=qGhxPIwXLikC&printsec=frontcover&img=1&zoom=1&source=gbs_api,0.0
132,"Moomin, Mymble and Little My",Tove Jansson,"fantasy, Juvenile Fiction","Finnish artist Tove Jansson's Moomin stories have been continually in print for more than half a century, in 35 languages. They are among Europe's best loved and enduring children's classics, and through the TV animation (BBC2), the warm-hearted, whimsical creatures of Moomin valley have been brought to a new younger British audience.Introducing the first Sort Of Children's Classic in a new English version by Sophie Hannah. Sort of Books proudly presents the original full colour Moomin picture book with its irresistible cut-out page designs and playful rhyming text in a new version by one of Britain's star poets.",2001,,,,0953522741,9780953522743,google,x7gvAAAACAAJ,http://books.google.com/books?id=x7gvAAAACAAJ&dq=subject:fantasy&hl=&as_pt=BOOKS&source=gbs_api,http://books.google.com/books/content?id=x7gvAAAACAAJ&printsec=frontcover&img=1&zoom=1&source=gbs_api,0.0
133,Down on My Knees,Victor McGlothin,"romance, Fiction",C.1 ST. AID B & T. 01-17-2008. $15.00.,2006,,,,0758213468,9780758213464,google,FR2Z0-Z65oMC,http://books.google.com/books?id=FR2Z0-Z65oMC&dq=subject:romance&hl=&as_pt=BOOKS&source=gbs_api,http://books.google.com/books/content?id=FR2Z0-Z65oMC&printsec=frontcover&img=1&zoom=1&edge=curl&source=gbs_api,0.0
134,Eligible,Curtis Sittenfeld,"romance, Fiction","A modern retelling of Pride and Prejudice...Returning with her sister, Jane, to their Ohio hometown when their father falls ill, New York magazine editor Lizzy Bennett confronts challenges in the form of her younger sisters' football fangirl antics, a creepy cousin's unwanted attentions and the infuriating standoffish manners of a handsome neurosurgeon.",2016,,,,1400068320,9781400068326,google,8TvTCwAAQBAJ,http://books.google.com/books?id=8TvTCwAAQBAJ&dq=subject:romance&hl=&as_pt=BOOKS&source=gbs_api,http://books.google.com/books/content?id=8TvTCwAAQBAJ&printsec=frontcover&img=1&zoom=1&edge=curl&source=gbs_api,0.0
135,The House of the Seven Gables,"Nathaniel Hawthorne, Philip Young","romance, Classic",,1970,,,,0030844207,9780030844201,google,7xWHngEACAAJ,http://books.google.com/books?id=7xWHngEACAAJ&dq=subject:romance&hl=&as_pt=BOOKS&source=gbs_api,,0.0
136,Twisted Perfection,Abbi Glines,"romance, Fiction","""Della Sloane is not your average girl. Yearning to break free of her dark and sheltered past and the memories of the illness that claimed her mother, Della plans a solo road trip to experience real life on her own terms. But the trip is nearly cut short in the little beach town of Rosemary when she realizes she can't even pump her own gas; until Woods Kerrington shows up, more than willing to help out a pretty girl in need.""--Page 4 of cover.",2013,,,,1476756503,9781476756509,google,pd4nAAAAQBAJ,http://books.google.com/books?id=pd4nAAAAQBAJ&dq=subject:romance&hl=&as_pt=BOOKS&source=gbs_api,http://books.google.com/books/content?id=pd4nAAAAQBAJ&printsec=frontcover&img=1&zoom=1&edge=curl&source=gbs_api,0.0
137,Simple Gifts,"Judith McNaught, Jude Deveraux","romance, Fiction",4 Heartwarming Christmas Stories.,2001,,,,0743442237,9780743442237,google,_y8kwT-j3sUC,http://books.google.com/books?id=_y8kwT-j3sUC&dq=subject:romance&hl=&as_pt=BOOKS&source=gbs_api,http://books.google.com/books/content?id=_y8kwT-j3sUC&printsec=frontcover&img=1&zoom=1&edge=curl&source=gbs_api,0.0
138,Because of Low,Abbi Glines,"romance, Fiction","Originally self-published as an e-book, 2012.",2013,,,,1442488638,9781442488632,google,UbzCTzSyy6cC,http://books.google.com/books?id=UbzCTzSyy6cC&dq=subject:romance&hl=&as_pt=BOOKS&source=gbs_api,http://books.google.com/books/content?id=UbzCTzSyy6cC&printsec=frontcover&img=1&zoom=1&edge=curl&source=gbs_api,0.0
139,When I'm Gone,Abbi Glines,"romance, Fiction","""A ... novel set in the fictional town of Rosemary Beach about a Texas rancher who falls in love with a housemaid at his rock star father's estate""--",2015,,,,1476776091,9781476776095,google,dba8BwAAQBAJ,http://books.google.com/books?id=dba8BwAAQBAJ&dq=subject:romance&hl=&as_pt=BOOKS&source=gbs_api,http://books.google.com/books/content?id=dba8BwAAQBAJ&printsec=frontcover&img=1&zoom=1&edge=curl&source=gbs_api,0.0
140,Stealing Home,Sherryl Woods,"romance, Fiction","#1 New York Times bestselling author Sherryl Woods returns readers to her world of strong friendships and heartfelt emotions in this classic Sweet Magnolias novel Maddie Townsend might live in a town called Serenity but there's been nothing calm or peaceful about her life since her marriage broke up. This stay-at-home mom has no job skills, an out-of-control sixteen-year-old son, a talkative fourteen-year-old who's suddenly gone silent, a six-year-old daughter whose heart is broken, an ex-husband whose younger girlfriend is expecting their baby and two best friends who think she's somehow qualified to help them open a fitness spa for women. But if Maddie is a tad on edge with all that on her plate, it's nothing compared to the chaos that ensues when she discovers that her son's baseball coach has feelings for her and the whole town disapproves. Maddie's faced a lot of challenges lately with strength and resolve, but Cal Maddox may turn out to be more than she can handle. Then again, he could just be the one man in all of South Carolina who can help her find serenity.",2014,,,,0778316289,9780778316282,google,YlqxBgAAQBAJ,http://books.google.com/books?id=YlqxBgAAQBAJ&dq=subject:romance&hl=&as_pt=BOOKS&source=gbs_api,http://books.google.com/books/content?id=YlqxBgAAQBAJ&printsec=frontcover&img=1&zoom=1&edge=curl&source=gbs_api,0.0
141,A Slice of Heaven,Sherryl Woods,"romance, Fiction","Emotions run high when the Sweet Magnolias try to reunite a couple who was meant to be together in this classic from #1 New York Times bestselling author Sherryl Woods When an eating disorder threatens the life of chef Dana Sue Sullivan's teenage daughter, she has no choice but to bring Annie's cheating dad back to Serenity, South Carolina. She tells herself and her friends it's all about Annie, but the sad truth is she has a boatload of unresolved feelings of her own for Ronnie Sullivan. From the moment Ronnie hits town, there's no question about his intentions. He's there for his daughter, to be sure, but he wants Dana Sue back, and every move he makes is designed to prove he's a changed man. The one thing that's never changed, though, are the sparks that fly whenever the two of them are in the same room. Dana Sue can deny all she wants that Ronnie's the only man for her, but not a single person in town is buying it. No matter the circumstances, Ronnie's return is a sweet recipe for a new beginning.",2015,,,,0778318427,9780778318422,google,r1uxBgAAQBAJ,http://books.google.com/books?id=r1uxBgAAQBAJ&dq=subject:romance&hl=&as_pt=BOOKS&source=gbs_api,http://books.google.com/books/content?id=r1uxBgAAQBAJ&printsec=frontcover&img=1&zoom=1&edge=curl&source=gbs_api,0.0
142,Above and Beyond,Sandra Brown,"romance, Fiction",Trevor's love for Kyla--the widow of his best friend--is complicated by a secret that threatens to destroy their fragile relationship,1986,,,,1551662914,9781551662916,google,QES7mCcS4EwC,http://books.google.com/books?id=QES7mCcS4EwC&dq=subject:romance&hl=&as_pt=BOOKS&source=gbs_api,http://books.google.com/books/content?id=QES7mCcS4EwC&printsec=frontcover&img=1&zoom=1&source=gbs_api,0.0
143,Sometimes It Lasts,Abbi Glines,"romance, Fiction","Enduring a long-distance relationship with the beautiful but hot-tempered Eva after landing a baseball scholarship, Cage resolves to prove his worth when he learns that Eva has been consoling herself in the arms of another man.",2014,,,,1481406701,9781481406703,google,n4GmAwAAQBAJ,http://books.google.com/books?id=n4GmAwAAQBAJ&dq=subject:romance&hl=&as_pt=BOOKS&source=gbs_api,http://books.google.com/books/content?id=n4GmAwAAQBAJ&printsec=frontcover&img=1&zoom=1&edge=curl&source=gbs_api,0.0
144,Sierra's Homecoming,"Linda Lael Miller, B. J. Daniels","romance, Fiction","After Sierra McKettrick moves to her family's ancestral ranch, Travis Reid, the Triple M's ranch hand, proves to be an unwanted temptation, and Devlin Barrows secret past may threaten not only his relationship with Rory, but also their lives.",2015,,,,0373010273,9780373010271,google,UBQgCgAAQBAJ,http://books.google.com/books?id=UBQgCgAAQBAJ&dq=subject:romance&hl=&as_pt=BOOKS&source=gbs_api,http://books.google.com/books/content?id=UBQgCgAAQBAJ&printsec=frontcover&img=1&zoom=1&edge=curl&source=gbs_api,0.0
145,Toxic Bachelors,Danielle Steel,"romance, Fiction","Three daunting bachelors embark on a journey to the Mediterranean where they face women who challenge their deepest relationship phobias, sparking big changes in the once-carefree trio that just might put an end to their carousing days.",2005,,,,0385338279,9780385338271,google,AGuA58sHm-kC,http://books.google.com/books?id=AGuA58sHm-kC&dq=subject:romance&hl=&as_pt=BOOKS&source=gbs_api,http://books.google.com/books/content?id=AGuA58sHm-kC&printsec=frontcover&img=1&zoom=1&edge=curl&source=gbs_api,0.0
146,One More Chance,Abbi Glines,"romance, Fiction","""A new adult novel about Grant and Harlow in the Rosemary Beach series""--",2014,,,,1476756570,9781476756578,google,X2hjAwAAQBAJ,http://books.google.com/books?id=X2hjAwAAQBAJ&dq=subject:romance&hl=&as_pt=BOOKS&source=gbs_api,http://books.google.com/books/content?id=X2hjAwAAQBAJ&printsec=frontcover&img=1&zoom=1&edge=curl&source=gbs_api,0.0
147,September,Rosamunde Pilcher,"romance, Fiction",""" ... A story of homecomings and heartbreaks, friendships, betrayls, forgiveness, and love.""--Publisher's website.",1991,,,,0312924801,9780312924805,google,3T_6_VUzlRMC,http://books.google.com/books?id=3T_6_VUzlRMC&dq=subject:romance&hl=&as_pt=BOOKS&source=gbs_api,http://books.google.com/books/content?id=3T_6_VUzlRMC&printsec=frontcover&img=1&zoom=1&edge=curl&source=gbs_api,0.0
148,Dogwood Hill,Sherryl Woods,"romance, Fiction","When former pro football quarterback Aidan Mitchell comes to Chesapeake Shore to coach the high school team, Liz March, who has sworn off men, finds herself falling for him until a devastating secret from his past threatens to destroy everything.",2014,,,,0778317323,9780778317326,google,0VqxBgAAQBAJ,http://books.google.com/books?id=0VqxBgAAQBAJ&dq=subject:romance&hl=&as_pt=BOOKS&source=gbs_api,http://books.google.com/books/content?id=0VqxBgAAQBAJ&printsec=frontcover&img=1&zoom=1&edge=curl&source=gbs_api,0.0
149,Promise Canyon,Robyn Carr,"romance, Fiction","Clay Tahoma, Virgin River's new veterinary assistant, is welcomed by everyone in town except Lilly Yazhi, who believes that his down-to-earth attitude and rugged sex appeal is an act to charm wealthy women like his ex-wife.",2015,,,,0778317420,9780778317425,google,2yDOBgAAQBAJ,http://books.google.com/books?id=2yDOBgAAQBAJ&dq=subject:romance&hl=&as_pt=BOOKS&source=gbs_api,http://books.google.com/books/content?id=2yDOBgAAQBAJ&printsec=frontcover&img=1&zoom=1&edge=curl&source=gbs_api,0.0
150,A Holiday of Love,"Jude Deveraux, Arnette Lamb, Jill Barnett, Judith McNaught","romance, Fiction","In New York City in the late 1800s, a beautiful but clumsy angel turns a lonely man's life around.... In medieval Scotland, the intrigues of a Christmas Mass imperil two Highland lovers....In Regency London, a world-weary lord receives an outrageous proposal....And in modern-day Colorado, a clever twelve-year-old plays matchmaker for his bighearted but impractical mother.",2005,,,,1416517219,9781416517214,google,MbbkFOnP7OkC,http://books.google.com/books?id=MbbkFOnP7OkC&dq=subject:romance&hl=&as_pt=BOOKS&source=gbs_api,http://books.google.com/books/content?id=MbbkFOnP7OkC&printsec=frontcover&img=1&zoom=1&edge=curl&source=gbs_api,0.0
