rank,title,authors,categories,description,published_year,average_rating,ratings_count,edition_count,isbn_10,isbn_13,source,source_id,canonical_url,thumbnail,preview_url,read_url,popularity_score
1,Alice's Adventures in Wonderland,Lewis Carroll,fantasy,,1865,,,3546,,,openlibrary,OL138052W,https://openlibrary.org/works/OL138052W,https://covers.openlibrary.org/b/id/10527843-M.jpg,https://openlibrary.org/works/OL138052W,https://openlibrary.org/works/OL138052W,354.6
2,The Wonderful Wizard of Oz,L. Frank Baum,fantasy,,1899,,,2052,,,openlibrary,OL18417W,https://openlibrary.org/works/OL18417W,https://covers.openlibrary.org/b/id/552443-M.jpg,https://openlibrary.org/works/OL18417W,https://openlibrary.org/works/OL18417W,205.20000000000002
3,Treasure Island,Robert Louis Stevenson,fantasy,,1880,,,1984,,,openlibrary,OL24034W,https://openlibrary.org/works/OL24034W,https://covers.openlibrary.org/b/id/13859660-M.jpg,https://openlibrary.org/works/OL24034W,https://openlibrary.org/works/OL24034W,198.4
4,Gulliver's Travels,Jonathan Swift,fantasy,,1726,,,1809,,,openlibrary,OL20600W,https://openlibrary.org/works/OL20600W,https://covers.openlibrary.org/b/id/12717083-M.jpg,https://openlibrary.org/works/OL20600W,https://openlibrary.org/works/OL20600W,180.9
5,The Wind in the Willows,Kenneth Grahame,"Juvenile Fiction, fantasy","Since its publication in 1908, Kenneth Grahame's The Wind in the Willows has enchanted readers, young and old. This new edition, sensitively abridged and exquisitely illustrated by Inga Moore, is sure to win over a new generation of fans. Here readers will meet the amiable Mole, his hearty friend the Water Rat, the genial Badger, and, of course, the irrepressible Mr. Toad, and enjoy some of the most memorable adventures in children's literature. Classic, yet accessible, and full of humor, this beautiful volume is the perfect addition to every family's bookshelf. Book jacket.",1908,4,3,1346,,,google,-4UgAAAAMAAJ,https://play.google.com/store/books/details?id=-4UgAAAAMAAJ&source=gbs_api,http://books.google.com/books/content?id=-4UgAAAAMAAJ&printsec=frontcover&img=1&zoom=1&edge=curl&source=gbs_api,http://books.google.com/books?id=-4UgAAAAMAAJ&printsec=frontcover&dq=subject:fantasy&hl=&as_pt=BOOKS&cd=83&source=gbs_api,http://books.google.com/books/download/The_Wind_in_the_Willows.pdf?id=-4UgAAAAMAAJ&hl=&output=pdf&sig=ACfU3U3eqhnI-kSaMY0hD8WfD_iYUYf51g&source=gbs_api,141.5282032302755
6,The Prince,Niccolò Machiavelli,fantasy,,1515,,,1406,,,openlibrary,OL1089297W,https://openlibrary.org/works/OL1089297W,https://covers.openlibrary.org/b/id/12726168-M.jpg,https://openlibrary.org/works/OL1089297W,https://openlibrary.org/works/OL1089297W,140.6
7,Through the Looking-Glass,"Lewis Carroll, Lewis Carroll, Lewis Lewis Carroll",fantasy,,1865,,,1378,,,openlibrary,OL151406W,https://openlibrary.org/works/OL151406W,https://covers.openlibrary.org/b/id/11272464-M.jpg,https://openlibrary.org/works/OL151406W,https://openlibrary.org/works/OL151406W,137.8
8,Five Children and It,Edith Nesbit,fantasy,,1905,,,950,,,openlibrary,OL99499W,https://openlibrary.org/works/OL99499W,https://covers.openlibrary.org/b/id/28174-M.jpg,https://openlibrary.org/works/OL99499W,https://openlibrary.org/works/OL99499W,95.0
9,A Midsummer Night's Dream,William Shakespeare,fantasy,,1600,,,947,,,openlibrary,OL259010W,https://openlibrary.org/works/OL259010W,https://covers.openlibrary.org/b/id/7205924-M.jpg,https://openlibrary.org/works/OL259010W,https://openlibrary.org/works/OL259010W,94.7
10,The Lost World,Arthur Conan Doyle,fantasy,,1900,,,747,,,openlibrary,OL262460W,https://openlibrary.org/works/OL262460W,https://covers.openlibrary.org/b/id/8231444-M.jpg,https://openlibrary.org/works/OL262460W,https://openlibrary.org/works/OL262460W,74.7
11,The Marvelous Land of Oz,L. Frank Baum,fantasy,,1904,,,724,,,openlibrary,OL18396W,https://openlibrary.org/works/OL18396W,https://covers.openlibrary.org/b/id/12648656-M.jpg,https://openlibrary.org/works/OL18396W,https://openlibrary.org/works/OL18396W,72.4
12,Ozma of Oz,L. Frank Baum,fantasy,,1907,,,701,,,openlibrary,OL18415W,https://openlibrary.org/works/OL18415W,https://covers.openlibrary.org/b/id/12648657-M.jpg,https://openlibrary.org/works/OL18415W,https://openlibrary.org/works/OL18415W,70.10000000000001
13,The Emerald City of Oz,L. Frank Baum,fantasy,,1910,,,634,,,openlibrary,OL18409W,https://openlibrary.org/works/OL18409W,https://covers.openlibrary.org/b/id/1473556-M.jpg,https://openlibrary.org/works/OL18409W,https://openlibrary.org/works/OL18409W,63.400000000000006
14,Dorothy and the Wizard in Oz,L. Frank Baum,fantasy,,1908,,,622,,,openlibrary,OL18412W,https://openlibrary.org/works/OL18412W,https://covers.openlibrary.org/b/id/12648659-M.jpg,https://openlibrary.org/works/OL18412W,https://openlibrary.org/works/OL18412W,62.2
15,The Lost Princess of Oz,L. Frank Baum,fantasy,,1917,,,591,,,openlibrary,OL18411W,https://openlibrary.org/works/OL18411W,https://covers.openlibrary.org/b/id/854819-M.jpg,https://openlibrary.org/works/OL18411W,https://openlibrary.org/works/OL18411W,59.1
16,The Story of the Amulet,Edith Nesbit,fantasy,,1905,,,578,,,openlibrary,OL407476W,https://openlibrary.org/works/OL407476W,https://covers.openlibrary.org/b/id/13241470-M.jpg,https://openlibrary.org/works/OL407476W,https://openlibrary.org/works/OL407476W,57.800000000000004
17,The Complete Life and Adventures of Santa Claus,L. Frank Baum,fantasy,,1902,,,560,,,openlibrary,OL262358W,https://openlibrary.org/works/OL262358W,https://covers.openlibrary.org/b/id/1979059-M.jpg,https://openlibrary.org/works/OL262358W,https://openlibrary.org/works/OL262358W,56.0
18,Harry Potter and the Deathly Hallows,J. K. Rowling,"Juvenile Fiction, fantasy","At a time when the forces of evil seem to be gaining the upper hand, Harry comes of age in the wizarding world, and must take on and defeat Voldemort--or be killed himself.",2007,4.5,92,126,,,google,GZAoAQAAIAAJ,http://books.google.com/books?id=GZAoAQAAIAAJ&dq=subject:fantasy&hl=&as_pt=BOOKS&source=gbs_api,http://books.google.com/books/content?id=GZAoAQAAIAAJ&printsec=frontcover&img=1&zoom=1&source=gbs_api,http://books.google.com/books?id=GZAoAQAAIAAJ&dq=subject:fantasy&hl=&as_pt=BOOKS&cd=25&source=gbs_api,http://play.google.com/books/reader?id=GZAoAQAAIAAJ&hl=&as_pt=BOOKS&source=gbs_api,55.762483709814475
19,Alice's Adventures in Wonderland / Through the Looking Glass,Lewis Carroll,fantasy,,1889,,,542,,,openlibrary,OL151411W,https://openlibrary.org/works/OL151411W,https://covers.openlibrary.org/b/id/8595966-M.jpg,https://openlibrary.org/works/OL151411W,https://openlibrary.org/works/OL151411W,54.2
20,The Road to Oz,L. Frank Baum,fantasy,,1909,,,533,,,openlibrary,OL262390W,https://openlibrary.org/works/OL262390W,https://covers.openlibrary.org/b/id/8243922-M.jpg,https://openlibrary.org/works/OL262390W,https://openlibrary.org/works/OL262390W,53.300000000000004
21,The Sea Fairies,L. Frank Baum,fantasy,,1911,,,528,,,openlibrary,OL262384W,https://openlibrary.org/works/OL262384W,https://covers.openlibrary.org/b/id/1814237-M.jpg,https://openlibrary.org/works/OL262384W,https://openlibrary.org/works/OL262384W,52.800000000000004
22,Baum's American Fairy Tales,L. Frank Baum,fantasy,,1901,,,514,,,openlibrary,OL262341W,https://openlibrary.org/works/OL262341W,https://covers.openlibrary.org/b/id/709869-M.jpg,https://openlibrary.org/works/OL262341W,https://openlibrary.org/works/OL262341W,51.400000000000006
23,Sky Island,L. Frank Baum,fantasy,,1912,,,510,,,openlibrary,OL262385W,https://openlibrary.org/works/OL262385W,https://covers.openlibrary.org/b/id/2752804-M.jpg,https://openlibrary.org/works/OL262385W,https://openlibrary.org/works/OL262385W,51.0
24,The Scarecrow of Oz,L. Frank Baum,fantasy,,1915,,,503,,,openlibrary,OL262352W,https://openlibrary.org/works/OL262352W,https://covers.openlibrary.org/b/id/431586-M.jpg,https://openlibrary.org/works/OL262352W,https://openlibrary.org/works/OL262352W,50.300000000000004
25,The Patchwork Girl of Oz,L. Frank Baum,fantasy,,1913,,,496,,,openlibrary,OL18405W,https://openlibrary.org/works/OL18405W,https://covers.openlibrary.org/b/id/1473369-M.jpg,https://openlibrary.org/works/OL18405W,https://openlibrary.org/works/OL18405W,49.6
26,The Magic of Oz,L. Frank Baum,fantasy,,1919,,,494,,,openlibrary,OL262380W,https://openlibrary.org/works/OL262380W,https://covers.openlibrary.org/b/id/5071176-M.jpg,https://openlibrary.org/works/OL262380W,https://openlibrary.org/works/OL262380W,49.400000000000006
27,Tik-Tok of Oz,L. Frank Baum,fantasy,,1914,,,490,,,openlibrary,OL18414W,https://openlibrary.org/works/OL18414W,https://covers.openlibrary.org/b/id/8243277-M.jpg,https://openlibrary.org/works/OL18414W,https://openlibrary.org/works/OL18414W,49.0
28,Rinkitink in Oz,L. Frank Baum,fantasy,,1916,,,488,,,openlibrary,OL262376W,https://openlibrary.org/works/OL262376W,https://covers.openlibrary.org/b/id/765814-M.jpg,https://openlibrary.org/works/OL262376W,https://openlibrary.org/works/OL262376W,48.800000000000004
29,The Enchanted Castle,Edith Nesbit,fantasy,,1907,,,478,,,openlibrary,OL99541W,https://openlibrary.org/works/OL99541W,https://covers.openlibrary.org/b/id/6644514-M.jpg,https://openlibrary.org/works/OL99541W,https://openlibrary.org/works/OL99541W,47.800000000000004
30,The Tin Woodman of Oz,L. Frank Baum,fantasy,,1918,,,461,,,openlibrary,OL262381W,https://openlibrary.org/works/OL262381W,https://covers.openlibrary.org/b/id/755973-M.jpg,https://openlibrary.org/works/OL262381W,https://openlibrary.org/works/OL262381W,46.1
31,The Hobbit,J.R.R. Tolkien,fantasy,,1937,,,460,,,openlibrary,OL27482W,https://openlibrary.org/works/OL27482W,https://covers.openlibrary.org/b/id/14627509-M.jpg,https://openlibrary.org/works/OL27482W,https://openlibrary.org/works/OL27482W,46.0
32,Glinda of Oz,L. Frank Baum,fantasy,,1920,,,454,,,openlibrary,OL262391W,https://openlibrary.org/works/OL262391W,https://covers.openlibrary.org/b/id/758814-M.jpg,https://openlibrary.org/works/OL262391W,https://openlibrary.org/works/OL262391W,45.400000000000006
33,The Magic City,Edith Nesbit,fantasy,,1910,,,445,,,openlibrary,OL99535W,https://openlibrary.org/works/OL99535W,https://covers.openlibrary.org/b/id/1673063-M.jpg,https://openlibrary.org/works/OL99535W,https://openlibrary.org/works/OL99535W,44.5
34,The Phoenix and the Carpet,Edith Nesbit,fantasy,,1903,,,438,,,openlibrary,OL99539W,https://openlibrary.org/works/OL99539W,https://covers.openlibrary.org/b/id/902122-M.jpg,https://openlibrary.org/works/OL99539W,https://openlibrary.org/works/OL99539W,43.800000000000004
35,Nineteen Eighty-Four,George Orwell,fantasy,,1949,,,436,,,openlibrary,OL1168083W,https://openlibrary.org/works/OL1168083W,https://covers.openlibrary.org/b/id/9267242-M.jpg,https://openlibrary.org/works/OL1168083W,https://openlibrary.org/works/OL1168083W,43.6
36,Le avventure di Pinocchio,Carlo Collodi,fantasy,,1883,,,430,,,openlibrary,OL1527356W,https://openlibrary.org/works/OL1527356W,https://covers.openlibrary.org/b/id/8597022-M.jpg,https://openlibrary.org/works/OL1527356W,https://openlibrary.org/works/OL1527356W,43.0
37,Peter Pan,J. M. Barrie,fantasy,,1911,,,429,,,openlibrary,OL462007W,https://openlibrary.org/works/OL462007W,https://covers.openlibrary.org/b/id/8237052-M.jpg,https://openlibrary.org/works/OL462007W,https://openlibrary.org/works/OL462007W,42.900000000000006
38,Le Tour du Monde en Quatre-Vingts Jours,Jules Verne,fantasy,,1872,,,425,,,openlibrary,OL1100007W,https://openlibrary.org/works/OL1100007W,https://covers.openlibrary.org/b/id/6976035-M.jpg,https://openlibrary.org/works/OL1100007W,https://openlibrary.org/works/OL1100007W,42.5
39,Phantastes,George MacDonald,fantasy,,1850,,,417,,,openlibrary,OL15450W,https://openlibrary.org/works/OL15450W,https://covers.openlibrary.org/b/id/14358814-M.jpg,https://openlibrary.org/works/OL15450W,https://openlibrary.org/works/OL15450W,41.7
40,Le petit prince,Antoine de Saint-Exupéry,fantasy,,1943,,,371,,,openlibrary,OL10263W,https://openlibrary.org/works/OL10263W,https://covers.openlibrary.org/b/id/10708272-M.jpg,https://openlibrary.org/works/OL10263W,https://openlibrary.org/works/OL10263W,37.1
41,Fablehaven,Brandon Mull,"fantasy, Juvenile Fiction",Kendra and Seth find themselves in the midst of a battle between good and evil when they visit their grandparents' estate and discover that it is a sanctuary for magical creatures.,2007,4.5,63,,1416947205,9781416947202,google,w7FfrQxhnxEC,http://books.google.com/books?id=w7FfrQxhnxEC&dq=subject:fantasy&hl=&as_pt=BOOKS&source=gbs_api,http://books.google.com/books/content?id=w7FfrQxhnxEC&printsec=frontcover&img=1&zoom=1&edge=curl&source=gbs_api,http://books.google.com/books?id=w7FfrQxhnxEC&printsec=frontcover&dq=subject:fantasy&hl=&as_pt=BOOKS&cd=2&source=gbs_api,http://play.google.com/books/reader?id=w7FfrQxhnxEC&hl=&as_pt=BOOKS&source=gbs_api,35.71764269937197
42,Harry Potter and the Philosopher's Stone,J. K. Rowling,fantasy,,1997,,,357,,,openlibrary,OL82563W,https://openlibrary.org/works/OL82563W,https://covers.openlibrary.org/b/id/10521270-M.jpg,https://openlibrary.org/works/OL82563W,https://openlibrary.org/works/OL82563W,35.7
43,À rebours,Joris-Karl Huysmans,fantasy,,1884,,,332,,,openlibrary,OL2239396W,https://openlibrary.org/works/OL2239396W,https://covers.openlibrary.org/b/id/13170209-M.jpg,https://openlibrary.org/works/OL2239396W,https://openlibrary.org/works/OL2239396W,33.2
44,Puck of Pook's Hill,Rudyard Kipling,fantasy,,1900,,,322,,,openlibrary,OL20165W,https://openlibrary.org/works/OL20165W,https://covers.openlibrary.org/b/id/8242296-M.jpg,https://openlibrary.org/works/OL20165W,https://openlibrary.org/works/OL20165W,32.2
45,The Little Prince,,"fantasy, Juvenile Fiction","A man has an accident in the Sahara Desert, and encounters the Little Prince.",2000,4.5,50,,0152023984,9780152023980,google,-Hkez1E8jJoC,http://books.google.com/books?id=-Hkez1E8jJoC&dq=subject:fantasy&hl=&as_pt=BOOKS&source=gbs_api,http://books.google.com/books/content?id=-Hkez1E8jJoC&printsec=frontcover&img=1&zoom=1&edge=curl&source=gbs_api,http://books.google.com/books?id=-Hkez1E8jJoC&printsec=frontcover&dq=subject:fantasy&hl=&as_pt=BOOKS&cd=49&source=gbs_api,http://play.google.com/books/reader?id=-Hkez1E8jJoC&hl=&as_pt=BOOKS&source=gbs_api,31.81980515339464
46,The Fellowship of the Ring,J.R.R. Tolkien,fantasy,,1954,,,296,,,openlibrary,OL27513W,https://openlibrary.org/works/OL27513W,https://covers.openlibrary.org/b/id/14627060-M.jpg,https://openlibrary.org/works/OL27513W,https://openlibrary.org/works/OL27513W,29.6
47,The Enchanted Island of Yew,L. Frank Baum,fantasy,,1903,,,288,,,openlibrary,OL262388W,https://openlibrary.org/works/OL262388W,https://covers.openlibrary.org/b/id/1755697-M.jpg,https://openlibrary.org/works/OL262388W,https://openlibrary.org/works/OL262388W,28.8
48,The Two Towers,J.R.R. Tolkien,fantasy,,1954,,,278,,,openlibrary,OL27479W,https://openlibrary.org/works/OL27479W,https://covers.openlibrary.org/b/id/14627564-M.jpg,https://openlibrary.org/works/OL27479W,https://openlibrary.org/works/OL27479W,27.8
49,Harry Potter and the Chamber of Secrets,J. K. Rowling,fantasy,,1998,,,276,,,openlibrary,OL82537W,https://openlibrary.org/works/OL82537W,https://covers.openlibrary.org/b/id/8392798-M.jpg,https://openlibrary.org/works/OL82537W,https://openlibrary.org/works/OL82537W,27.6
50,The Return of the King,J.R.R. Tolkien,fantasy,,1950,,,272,,,openlibrary,OL27455W,https://openlibrary.org/works/OL27455W,https://covers.openlibrary.org/b/id/14627062-M.jpg,https://openlibrary.org/works/OL27455W,https://openlibrary.org/works/OL27455W,27.200000000000003
